voices	xruns	clean
6	Appended measurement to /home/mitch/plan-v9c-20260822-033058/closed-hat-ceiling/confirm-v6.log
SENTINEL harness-logged
RESULT tag=ceil-Closed_Hat-v6 patch=Closed Hat voices=6 sec=60 xruns=6 clean=no
6	no
3	Appended measurement to /home/mitch/plan-v9c-20260822-033058/closed-hat-ceiling/confirm-v3.log
SENTINEL harness-logged
RESULT tag=ceil-Closed_Hat-v3 patch=Closed Hat voices=3 sec=60 xruns=0 clean=yes
0	no
1	Appended measurement to /home/mitch/plan-v9c-20260822-033058/closed-hat-ceiling/confirm-v1.log
SENTINEL harness-logged
RESULT tag=ceil-Closed_Hat-v1 patch=Closed Hat voices=1 sec=60 xruns=0 clean=yes
0	no
