70s	15	none_below_15	{"name":"70s fizzy string","path":"/home/mitch/Documents/Surge XT/Patches/Quick Select/70s Fizzy String.fxp","osc_count":1,"osc_types":[8],"unison_voices":-1,"fx_count":2,"fx_types":[6,20],"filter1_type":11,"filter2_type":10,"patch_polylimit":12}
A	3	5	{"name": "A Robotic Mind", "path": "/home/mitch/Documents/Surge XT/Patches/Quick Select/A Robotic Mind.fxp", "error": "not well-formed (invalid token): line 1, column 38359"}
Acid	15	none_below_15	{"name":"Acid Seq 3","path":"/home/mitch/Documents/Surge XT/Patches/Quick Select/Acid Seq 3.fxp","osc_count":0,"osc_types":[],"unison_voices":0,"fx_count":1,"fx_types":[1],"filter1_type":2,"filter2_type":5,"patch_polylimit":8}
Analog	15	none_below_15	{"name":"Analog Foundation","path":"/home/mitch/Documents/Surge XT/Patches/Quick Select/Analog Foundation.fxp","osc_count":0,"osc_types":[],"unison_voices":0,"fx_count":2,"fx_types":[14,6],"filter1_type":14,"filter2_type":10,"patch_polylimit":16}
Another	15	none_below_15	{"name":"Pad Another warm","path":"/home/mitch/Documents/Surge XT/Patches/Quick Select/Another Warm.fxp","osc_count":0,"osc_types":[],"unison_voices":0,"fx_count":2,"fx_types":[1,6],"filter1_type":1,"filter2_type":8,"patch_polylimit":8}
Axel's	15	none_below_15	{"name":"AF Brassy Pad","path":"/home/mitch/Documents/Surge XT/Patches/Quick Select/Axel's Brassy Pad.fxp","osc_count":2,"osc_types":[8,8],"unison_voices":2,"fx_count":1,"fx_types":[2],"filter1_type":13,"filter2_type":12,"patch_polylimit":16}
Bass	15	none_below_15	{"name": "Bass Ocarina", "path": "/home/mitch/Documents/Surge XT/Patches/Quick Select/Bass Ocarina.fxp", "error": "not well-formed (invalid token): line 1, column 34959"}
Block	15	none_below_15	{"name":"Block","path":"/home/mitch/Documents/Surge XT/Patches/Quick Select/Block.fxp","osc_count":0,"osc_types":[],"unison_voices":0,"fx_count":1,"fx_types":[1],"filter1_type":1,"filter2_type":0,"patch_polylimit":8}
Blue	15	none_below_15	{"name": "Blue Pad", "path": "/home/mitch/Documents/Surge XT/Patches/Quick Select/Blue Pad.fxp", "error": "not well-formed (invalid token): line 1, column 23707"}
Bonita	11	13	{"name": "Bonita Keys", "path": "/home/mitch/Documents/Surge XT/Patches/Quick Select/Bonita Keys.fxp", "error": "not well-formed (invalid token): line 1, column 26338"}
Bowed	15	none_below_15	{"name": "Bowed String", "path": "/home/mitch/Documents/Surge XT/Patches/Quick Select/Bowed String.fxp", "error": "not well-formed (invalid token): line 1, column 36992"}
Brave	3	5	{"name": "Brave New World", "path": "/home/mitch/Documents/Surge XT/Patches/Quick Select/Brave New World.fxp", "error": "not well-formed (invalid token): line 1, column 27461"}
Church	15	none_below_15	{"name": "Church - Mod", "path": "/home/mitch/Documents/Surge XT/Patches/Quick Select/Church - Mod.fxp", "error": "not well-formed (invalid token): line 1, column 32009"}
Classic	15	none_below_15	{"name":"Classic Strings","path":"/home/mitch/Documents/Surge XT/Patches/Quick Select/Classic Strings.fxp","osc_count":0,"osc_types":[],"unison_voices":0,"fx_count":2,"fx_types":[9,6],"filter1_type":3,"filter2_type":3,"patch_polylimit":8}
Closed	15	none_below_15	{"name":"CH","path":"/home/mitch/Documents/Surge XT/Patches/Quick Select/Closed Hat.fxp","osc_count":3,"osc_types":[1,6,6],"unison_voices":1,"fx_count":0,"fx_types":[],"filter1_type":5,"filter2_type":1,"patch_polylimit":16}
Cloud	7	9	{"name":"Cloud horn","path":"/home/mitch/Documents/Surge XT/Patches/Quick Select/Cloud Horn.fxp","osc_count":2,"osc_types":[9,9],"unison_voices":16,"fx_count":2,"fx_types":[3,14],"filter1_type":1,"filter2_type":0,"patch_polylimit":16}
Crystals	3	5	{"name":"Crystals","path":"/home/mitch/Documents/Surge XT/Patches/Quick Select/Crystals.fxp","osc_count":3,"osc_types":[10,10,10],"unison_voices":14,"fx_count":3,"fx_types":[9,3,14],"filter1_type":1,"filter2_type":0,"patch_polylimit":16}
Cyber	3	5	{"name": "Cyber Pad", "path": "/home/mitch/Documents/Surge XT/Patches/Quick Select/Cyber Pad.fxp", "error": "not well-formed (invalid token): line 1, column 33440"}
Dark	11	13	{"name": "Dark Cello", "path": "/home/mitch/Documents/Surge XT/Patches/Quick Select/Dark Cello.fxp", "error": "not well-formed (invalid token): line 1, column 36225"}
Dark	15	none_below_15	{"name":"Dark Strange","path":"/home/mitch/Documents/Surge XT/Patches/Quick Select/Dark Strange.fxp","osc_count":3,"osc_types":[1,6,3],"unison_voices":2,"fx_count":0,"fx_types":[],"filter1_type":2,"filter2_type":2,"patch_polylimit":16}
Digi	15	none_below_15	{"name":"Sawteeth","path":"/home/mitch/Documents/Surge XT/Patches/Quick Select/Digi Harpsi.fxp","osc_count":0,"osc_types":[],"unison_voices":0,"fx_count":1,"fx_types":[1],"filter1_type":1,"filter2_type":1,"patch_polylimit":16}
Dreamscape	7	9	{"name": "Dreamscape", "path": "/home/mitch/Documents/Surge XT/Patches/Quick Select/Dreamscape.fxp", "error": "not well-formed (invalid token): line 1, column 28875"}
Dreamy	15	none_below_15	{"name": "Dreamy Flute", "path": "/home/mitch/Documents/Surge XT/Patches/Quick Select/Dreamy Flute.fxp", "error": "not well-formed (invalid token): line 1, column 31670"}
Duduk	3	5	{"name": "Duduk", "path": "/home/mitch/Documents/Surge XT/Patches/Quick Select/Duduk.fxp", "error": "not well-formed (invalid token): line 1, column 34597"}
Fake	15	none_below_15	{"name":"Fake ethno","path":"/home/mitch/Documents/Surge XT/Patches/Quick Select/Fake Ethno.fxp","osc_count":2,"osc_types":[1,1],"unison_voices":2,"fx_count":1,"fx_types":[1],"filter1_type":9,"filter2_type":6,"patch_polylimit":16}
Fifth	15	none_below_15	{"name": "Fifth Seq", "path": "/home/mitch/Documents/Surge XT/Patches/Quick Select/Fifth Seq.fxp", "error": "not well-formed (invalid token): line 1, column 23977"}
Fireflies	13	15	{"name":"Fireflies","path":"/home/mitch/Documents/Surge XT/Patches/Quick Select/Fireflies.fxp","osc_count":0,"osc_types":[],"unison_voices":0,"fx_count":2,"fx_types":[3,22],"filter1_type":10,"filter2_type":0,"patch_polylimit":64}
Forte	7	9	{"name": "Forte Piano", "path": "/home/mitch/Documents/Surge XT/Patches/Quick Select/Forte Piano.fxp", "error": "not well-formed (invalid token): line 1, column 26585"}
Gate	15	none_below_15	{"name":"Gatechord","path":"/home/mitch/Documents/Surge XT/Patches/Quick Select/Gate Chord.fxp","osc_count":0,"osc_types":[],"unison_voices":0,"fx_count":1,"fx_types":[1],"filter1_type":3,"filter2_type":0,"patch_polylimit":8}
Gods	15	none_below_15	{"name": "Gods", "path": "/home/mitch/Documents/Surge XT/Patches/Quick Select/Gods.fxp", "error": "not well-formed (invalid token): line 1, column 95"}
House	5	7	{"name":"House Organ","path":"/home/mitch/Documents/Surge XT/Patches/Quick Select/House Organ.fxp","osc_count":3,"osc_types":[1,1,1],"unison_voices":6,"fx_count":3,"fx_types":[6,6,1],"filter1_type":0,"filter2_type":0,"patch_polylimit":16}
Irrelevant	7	9	{"name": "Irrelevant Number", "path": "/home/mitch/Documents/Surge XT/Patches/Quick Select/Irrelevant Number.fxp", "error": "not well-formed (invalid token): line 1, column 37747"}
Kick	3	5	{"name": "Kick", "path": "/home/mitch/Documents/Surge XT/Patches/Quick Select/Kick.fxp", "error": "not well-formed (invalid token): line 1, column 30480"}
Koala	15	none_below_15	{"name":"Koala 1","path":"/home/mitch/Documents/Surge XT/Patches/Quick Select/Koala 1.fxp","osc_count":0,"osc_types":[],"unison_voices":0,"fx_count":1,"fx_types":[1],"filter1_type":2,"filter2_type":0,"patch_polylimit":16}
Legato	15	none_below_15	{"name":"Legato Bass","path":"/home/mitch/Documents/Surge XT/Patches/Quick Select/Legato Bass.fxp","osc_count":3,"osc_types":[9,9,8],"unison_voices":1,"fx_count":1,"fx_types":[15],"filter1_type":11,"filter2_type":26,"patch_polylimit":16}
Major	15	none_below_15	{"name":"Major 7 mk2","path":"/home/mitch/Documents/Surge XT/Patches/Quick Select/Major 7 MkII.fxp","osc_count":0,"osc_types":[],"unison_voices":0,"fx_count":1,"fx_types":[1],"filter1_type":1,"filter2_type":0,"patch_polylimit":16}
Metallic	15	none_below_15	{"name": "Metallic Arp", "path": "/home/mitch/Documents/Surge XT/Patches/Quick Select/Metallic Arp.fxp", "error": "not well-formed (invalid token): line 1, column 26553"}
Minor	3	5	{"name":"Minor 7","path":"/home/mitch/Documents/Surge XT/Patches/Quick Select/Minor 7.fxp","osc_count":0,"osc_types":[],"unison_voices":0,"fx_count":1,"fx_types":[1],"filter1_type":1,"filter2_type":0,"patch_polylimit":16}
Minor	15	none_below_15	{"name": "Minor Chord Retro Stab", "path": "/home/mitch/Documents/Surge XT/Patches/Quick Select/Minor Chord Retro Stab.fxp", "error": "not well-formed (invalid token): line 1, column 23222"}
Moogaroo	15	none_below_15	{"name":"Moogaroo","path":"/home/mitch/Documents/Surge XT/Patches/Quick Select/Moogaroo.fxp","osc_count":0,"osc_types":[],"unison_voices":0,"fx_count":2,"fx_types":[9,11],"filter1_type":15,"filter2_type":13,"patch_polylimit":16}
Oberheim	15	none_below_15	{"name":"Buggy Brass","path":"/home/mitch/Documents/Surge XT/Patches/Quick Select/Oberheim Dreams.fxp","osc_count":0,"osc_types":[],"unison_voices":0,"fx_count":2,"fx_types":[1,2],"filter1_type":2,"filter2_type":0,"patch_polylimit":64}
Orbit	15	none_below_15	{"name": "Orbit and Sub", "path": "/home/mitch/Documents/Surge XT/Patches/Quick Select/Orbit and Sub.fxp", "error": "not well-formed (invalid token): line 1, column 24314"}
Overdriven	15	none_below_15	{"name": "Overdriven Guitar + Wah", "path": "/home/mitch/Documents/Surge XT/Patches/Quick Select/Overdriven Guitar + Wah.fxp", "error": "not well-formed (invalid token): line 1, column 32920"}
Planar	5	7	{"name":"Planar device","path":"/home/mitch/Documents/Surge XT/Patches/Quick Select/Planar Device.fxp","osc_count":3,"osc_types":[10,10,11],"unison_voices":25,"fx_count":2,"fx_types":[9,22],"filter1_type":11,"filter2_type":0,"patch_polylimit":16}
Qealchee	15	none_below_15	{"name":"Qealchee","path":"/home/mitch/Documents/Surge XT/Patches/Quick Select/Qealchee.fxp","osc_count":0,"osc_types":[],"unison_voices":0,"fx_count":1,"fx_types":[1],"filter1_type":2,"filter2_type":0,"patch_polylimit":16}
Res	5	7	{"name": "Res Wave Shift", "path": "/home/mitch/Documents/Surge XT/Patches/Quick Select/Res Wave Shift.fxp", "error": "not well-formed (invalid token): line 1, column 33129"}
Reso	15	none_below_15	{"name":"Reso Brassy","path":"/home/mitch/Documents/Surge XT/Patches/Quick Select/Reso Brassy.fxp","osc_count":0,"osc_types":[],"unison_voices":0,"fx_count":1,"fx_types":[1],"filter1_type":1,"filter2_type":1,"patch_polylimit":64}
Rhody	15	none_below_15	{"name":"Rhody EP","path":"/home/mitch/Documents/Surge XT/Patches/Quick Select/Rhody EP.fxp","osc_count":3,"osc_types":[6,6,6],"unison_voices":0,"fx_count":0,"fx_types":[],"filter1_type":0,"filter2_type":0,"patch_polylimit":16}
Scratched	13	15	{"name": "Scratched Arp", "path": "/home/mitch/Documents/Surge XT/Patches/Quick Select/Scratched Arp.fxp", "error": "not well-formed (invalid token): line 1, column 35579"}
Snare	15	none_below_15	{"name":"Snare","path":"/home/mitch/Documents/Surge XT/Patches/Quick Select/Snare.fxp","osc_count":2,"osc_types":[1,1],"unison_voices":2,"fx_count":1,"fx_types":[6],"filter1_type":3,"filter2_type":0,"patch_polylimit":16}
String	15	none_below_15	{"name": "String Quartet", "path": "/home/mitch/Documents/Surge XT/Patches/Quick Select/String Quartet.fxp", "error": "not well-formed (invalid token): line 1, column 25733"}
Tom	15	none_below_15	{"name":"Tom L","path":"/home/mitch/Documents/Surge XT/Patches/Quick Select/Tom L.fxp","osc_count":2,"osc_types":[1,1],"unison_voices":2,"fx_count":1,"fx_types":[6],"filter1_type":4,"filter2_type":10,"patch_polylimit":16}
Warm	7	9	{"name": "Warm Reception", "path": "/home/mitch/Documents/Surge XT/Patches/Quick Select/Warm Reception.fxp", "error": "not well-formed (invalid token): line 1, column 25937"}
